{
    "name": "angled-smooth",
    "bounds": {
        "x": -13.71,
        "y": -3.305168e-14,
        "width": 28.71,
        "height": 31.86956
    },
    "cpbounds": {
        "x": -13.71,
        "y": -3.317129e-14,
        "width": 28.71,
        "height": 31.86956
    },
    "baseScale": 0.557297109,
    "path": [
             {
             "t": 0,
             "p": {
             "t": 0,
             "x": 1.824358,
             "y": -3.261839e-14
             }
             },
             {
             "t": 2,
             "p": {
             "t": 0,
             "x": 3.492044,
             "y": 0.5796906
             },
             "cp1": {
             "t": 0,
             "x": 2.475462,
             "y": -3.249879e-14
             },
             "cp2": {
             "t": 0,
             "x": 3.031358,
             "y": 0.1932302
             }
             },
             {
             "t": 2,
             "p": {
             "t": 0,
             "x": 4.183074,
             "y": 2.086886
             },
             "cp1": {
             "t": 0,
             "x": 3.952731,
             "y": 0.9661509
             },
             "cp2": {
             "t": 0,
             "x": 4.183074,
             "y": 1.468549
             }
             },
             {
             "t": 1,
             "p": {
             "t": 1,
             "x": 4.183074,
             "y": 20.25791
             }
             },
             {
             "t": 1,
             "p": {
             "t": 1,
             "x": 9.600751,
             "y": 15.03178
             }
             },
             {
             "t": 2,
             "p": {
             "t": 1,
             "x": 11.25922,
             "y": 14.35398
             },
             "cp1": {
             "t": 1,
             "x": 10.04301,
             "y": 14.57992
             },
             "cp2": {
             "t": 1,
             "x": 10.59583,
             "y": 14.35398
             }
             },
             {
             "t": 2,
             "p": {
             "t": 1,
             "x": 12.9177,
             "y": 15.03178
             },
             "cp1": {
             "t": 1,
             "x": 11.92261,
             "y": 14.35398
             },
             "cp2": {
             "t": 1,
             "x": 12.47544,
             "y": 14.57992
             }
             },
             {
             "t": 1,
             "p": {
             "t": 1,
             "x": 14.29976,
             "y": 16.36952
             }
             },
             {
             "t": 2,
             "p": {
             "t": 1,
             "x": 15,
             "y": 17.97482
             },
             "cp1": {
             "t": 1,
             "x": 14.76659,
             "y": 16.82139
             },
             "cp2": {
             "t": 1,
             "x": 15,
             "y": 17.35649
             }
             },
             {
             "t": 2,
             "p": {
             "t": 1,
             "x": 14.29976,
             "y": 19.59796
             },
             "cp1": {
             "t": 1,
             "x": 15,
             "y": 18.60505
             },
             "cp2": {
             "t": 1,
             "x": 14.76659,
             "y": 19.14609
             }
             },
             {
             "t": 1,
             "p": {
             "t": 1,
             "x": 2.303473,
             "y": 31.2096
             }
             },
             {
             "t": 2,
             "p": {
             "t": 1,
             "x": 0.645,
             "y": 31.86956
             },
             "cp1": {
             "t": 1,
             "x": 1.873498,
             "y": 31.64957
             },
             "cp2": {
             "t": 1,
             "x": 1.320674,
             "y": 31.86956
             }
             },
             {
             "t": 2,
             "p": {
             "t": 1,
             "x": -1.0319,
             "y": 31.2096
             },
             "cp1": {
             "t": 1,
             "x": -0.01838896,
             "y": 31.86956
             },
             "cp2": {
             "t": 1,
             "x": -0.5773556,
             "y": 31.64957
             }
             },
             {
             "t": 1,
             "p": {
             "t": 1,
             "x": -13.02818,
             "y": 19.59796
             }
             },
             {
             "t": 2,
             "p": {
             "t": 1,
             "x": -13.71,
             "y": 17.97482
             },
             "cp1": {
             "t": 1,
             "x": -13.48273,
             "y": 19.1342
             },
             "cp2": {
             "t": 1,
             "x": -13.71,
             "y": 18.59316
             }
             },
             {
             "t": 2,
             "p": {
             "t": 1,
             "x": -13.02818,
             "y": 16.36952
             },
             "cp1": {
             "t": 1,
             "x": -13.71,
             "y": 17.36838
             },
             "cp2": {
             "t": 1,
             "x": -13.48273,
             "y": 16.83328
             }
             },
             {
             "t": 1,
             "p": {
             "t": 1,
             "x": -11.64612,
             "y": 15.03178
             }
             },
             {
             "t": 2,
             "p": {
             "t": 1,
             "x": -9.969223,
             "y": 14.35398
             },
             "cp1": {
             "t": 1,
             "x": -11.17929,
             "y": 14.57992
             },
             "cp2": {
             "t": 1,
             "x": -10.62033,
             "y": 14.35398
             }
             },
             {
             "t": 2,
             "p": {
             "t": 1,
             "x": -8.292323,
             "y": 15.03178
             },
             "cp1": {
             "t": 1,
             "x": -9.318119,
             "y": 14.35398
             },
             "cp2": {
             "t": 1,
             "x": -8.759152,
             "y": 14.57992
             }
             },
             {
             "t": 1,
             "p": {
             "t": 1,
             "x": -2.893075,
             "y": 20.25791
             }
             },
             {
             "t": 1,
             "p": {
             "t": 0,
             "x": -2.893075,
             "y": 2.086886
             }
             },
             {
             "t": 2,
             "p": {
             "t": 0,
             "x": -2.202044,
             "y": 0.5796906
             },
             "cp1": {
             "t": 0,
             "x": -2.893075,
             "y": 1.468549
             },
             "cp2": {
             "t": 0,
             "x": -2.662731,
             "y": 0.9661509
             }
             },
             {
             "t": 2,
             "p": {
             "t": 0,
             "x": -0.5343581,
             "y": -3.305168e-14
             },
             "cp1": {
             "t": 0,
             "x": -1.741358,
             "y": 0.1932302
             },
             "cp2": {
             "t": 0,
             "x": -1.185462,
             "y": -3.317129e-14
             }
             },
             {
             "t": 1,
             "p": {
             "t": 0,
             "x": 1.824358,
             "y": -3.261839e-14
             }
             },
             {
             "t": 3
             }
             ]
}