{
    "name": "angled",
    "bounds": {
        "x": -12.74453,
        "y": 0.3488882,
        "width": 25.08194,
        "height": 37.25164
    },
    "cpbounds": {
        "x": -12.74453,
        "y": 0.3488882,
        "width": 25.08194,
        "height": 37.25164
    },
    "baseScale": 0.637909189,
    "path": [
             {
             "t": 0,
             "p": {
             "t": 1,
             "x": -0.2035541,
             "y": 37.60052
             }
             },
             {
             "t": 1,
             "p": {
             "t": 1,
             "x": -12.74453,
             "y": 25.05955
             }
             },
             {
             "t": 1,
             "p": {
             "t": 1,
             "x": -9.44427,
             "y": 21.7593
             }
             },
             {
             "t": 1,
             "p": {
             "t": 1,
             "x": -2.554986,
             "y": 28.64858
             }
             },
             {
             "t": 1,
             "p": {
             "t": 0,
             "x": -2.554986,
             "y": 0.3488882
             }
             },
             {
             "t": 1,
             "p": {
             "t": 0,
             "x": 2.147878,
             "y": 0.3488882
             }
             },
             {
             "t": 1,
             "p": {
             "t": 1,
             "x": 2.147878,
             "y": 28.64858
             }
             },
             {
             "t": 1,
             "p": {
             "t": 1,
             "x": 9.037162,
             "y": 21.7593
             }
             },
             {
             "t": 1,
             "p": {
             "t": 1,
             "x": 12.33742,
             "y": 25.05955
             }
             },
             {
             "t": 1,
             "p": {
             "t": 1,
             "x": -0.2035541,
             "y": 37.60052
             }
             },
             {
             "t": 3
             }
             ]
}