{
    "name": "curved",
    "bounds": {
        "x": -10,
        "y": 2.220446e-16,
        "width": 19.99341,
        "height": 59.91942
    },
    "cpbounds": {
        "x": -10,
        "y": -0.3503797,
        "width": 19.99341,
        "height": 60.2698
    },
    "baseScale": 0.800263687,
    "path": [
             {
             "t": 0,
             "p": {
             "t": 1,
             "x": 4.540659,
             "y": 41.26528
             }
             },
             {
             "t": 1,
             "p": {
             "t": 1,
             "x": 9.993406,
             "y": 39.39987
             }
             },
             {
             "t": 1,
             "p": {
             "t": 1,
             "x": -0.003296703,
             "y": 59.91942
             }
             },
             {
             "t": 1,
             "p": {
             "t": 1,
             "x": -10,
             "y": 39.39987
             }
             },
             {
             "t": 1,
             "p": {
             "t": 1,
             "x": -4.547253,
             "y": 41.26528
             }
             },
             {
             "t": 2,
             "p": {
             "t": 0,
             "x": -0.9175824,
             "y": 1.051139
             },
             "cp1": {
             "t": 1,
             "x": -2.732418,
             "y": 35.87527
             },
             "cp2": {
             "t": 2,
             "x": -1.825,
             "y": 21.1582
             }
             },
             {
             "t": 2,
             "p": {
             "t": 0,
             "x": 0.910989,
             "y": 1.051139
             },
             "cp1": {
             "t": 0,
             "x": -0.7910835,
             "y": -0.3503797
             },
             "cp2": {
             "t": 0,
             "x": 0.7844901,
             "y": -0.3503797
             }
             },
             {
             "t": 2,
             "p": {
             "t": 1,
             "x": 4.540659,
             "y": 41.26528
             },
             "cp1": {
             "t": 2,
             "x": 1.818407,
             "y": 21.1582
             },
             "cp2": {
             "t": 1,
             "x": 2.725824,
             "y": 35.87527
             }
             },
             {
             "t": 3
             }
             ]
}