{
    "name": "falcon",
    "bounds": {
        "x": -16,
        "y": 0,
        "width": 32,
        "height": 35
    },
    "cpbounds": {
        "x": -16,
        "y": 0,
        "width": 32,
        "height": 35
    },
    "baseScale": 0.5,
    "path": [
             {
             "t": 0,
             "p": {
             "t": 1,
             "x": 0,
             "y": 35
             }
             },
             {
             "t": 1,
             "p": {
             "t": 1,
             "x": -16,
             "y": 18.59375
             }
             },
             {
             "t": 1,
             "p": {
             "t": 1,
             "x": -6.666667,
             "y": 19.46875
             }
             },
             {
             "t": 1,
             "p": {
             "t": 0,
             "x": -8.8,
             "y": 0
             }
             },
             {
             "t": 1,
             "p": {
             "t": 0,
             "x": 0.03906871,
             "y": 4.375
             }
             },
             {
             "t": 1,
             "p": {
             "t": 0,
             "x": 8.8,
             "y": 0
             }
             },
             {
             "t": 1,
             "p": {
             "t": 1,
             "x": 6.666667,
             "y": 19.46875
             }
             },
             {
             "t": 1,
             "p": {
             "t": 1,
             "x": 16,
             "y": 18.59375
             }
             },
             {
             "t": 1,
             "p": {
             "t": 1,
             "x": 0,
             "y": 35
             }
             },
             {
             "t": 3
             }
             ]
}