{
    "name": "crisp",
    "bounds": {
        "x": -20.5,
        "y": -5.040187e-15,
        "width": 40.5,
        "height": 58.5
    },
    "cpbounds": {
        "x": -20.5,
        "y": -5.040187e-15,
        "width": 40.5,
        "height": 58.5
    },
    "baseScale": 0.395061728,
    "path": [
             {
             "t": 0,
             "p": {
             "t": 1,
             "x": -0.25,
             "y": 58.5
             }
             },
             {
             "t": 1,
             "p": {
             "t": 1,
             "x": -20.5,
             "y": 27.25
             }
             },
             {
             "t": 1,
             "p": {
             "t": 1,
             "x": -7.4375,
             "y": 31.25
             }
             },
             {
             "t": 1,
             "p": {
             "t": 0,
             "x": -7.4375,
             "y": -5.040187e-15
             }
             },
             {
             "t": 1,
             "p": {
             "t": 0,
             "x": 6.9375,
             "y": -2.399542e-15
             }
             },
             {
             "t": 1,
             "p": {
             "t": 1,
             "x": 6.9375,
             "y": 31.25
             }
             },
             {
             "t": 1,
             "p": {
             "t": 1,
             "x": 20,
             "y": 27.25
             }
             },
             {
             "t": 1,
             "p": {
             "t": 1,
             "x": -0.25,
             "y": 58.5
             }
             },
             {
             "t": 3
             }
             ]
}